{
  "project_info": {
    "project_number": "752353533147",
    "firebase_url": "https://shepherd-9a70b-default-rtdb.firebaseio.com",
    "project_id": "shepherd-9a70b",
    "storage_bucket": "shepherd-9a70b.appspot.com"
  },
  "client": [
    {
      "client_info": {
        "mobilesdk_app_id": "1:752353533147:android:d953028c3a36e7bc9280fe",
        "android_client_info": {
          "package_name": "za.varsitycollege.shepherd_parking"
        }
      },
      "oauth_client": [
        {
          "client_id": "752353533147-ka4s59ol7098lmqjm1ltb4mbomhueap7.apps.googleusercontent.com",
          "client_type": 1,
          "android_info": {
            "package_name": "za.varsitycollege.shepherd_parking",
            "certificate_hash": "970ca8c9c9bc7e66fea290ed964835ceaa41e382"
          }
        },
        {
          "client_id": "752353533147-1vkekoov3afqtft357ulkq5bdk1uq6f1.apps.googleusercontent.com",
          "client_type": 3
        }
      ],
      "api_key": [
        {
          "current_key": "AIzaSyDebkEyfBuizGGUynJFabHVsB9lPoSy0ZY"
        }
      ],
      "services": {
        "appinvite_service": {
          "other_platform_oauth_client": [
            {
              "client_id": "752353533147-1vkekoov3afqtft357ulkq5bdk1uq6f1.apps.googleusercontent.com",
              "client_type": 3
            }
          ]
        }
      }
    }
  ],
  "configuration_version": "1"
}